middleUltrasonic,leftUltrasonic,rightUltrasonic,backUltrasonic,L0,L1,L2,xAccel,yAccel,zAccel,xGyro,yGyro,zGyro,xMag,yMag,zMag,servoAngle,state
49,89,2999,90,0,0,0,125,-163,8605,-13,20,13,262,20,-866,90,1
49,89,2992,89,0,0,0,133,-165,8597,-14,18,13,268,10,-868,90,1
49,88,3011,91,0,0,0,-487,-66,8560,-15,-38,-46,266,18,-872,90,0
47,86,3019,67,0,0,0,43,-171,8559,38,-46,105,281,31,-871,90,0
41,82,2974,102,0,0,0,52,-123,8685,-17,47,200,299,43,-859,90,0
35,79,2980,107,0,0,0,270,-143,8641,-25,-8,166,311,47,-851,90,0
26,77,2953,115,0,0,0,318,-137,8601,-19,185,183,314,36,-836,90,0
20,3168,2973,121,0,0,0,93,-137,8598,-15,6,14,327,37,-833,90,1
118,88,2978,94,0,0,0,128,-151,8599,-13,19,11,249,41,-871,90,1
120,88,2950,95,0,0,0,122,-149,8600,-14,18,11,231,43,-869,90,1
119,88,66,95,0,0,0,54,-166,8614,-13,29,21,248,46,-876,90,0
139,3284,2968,101,0,0,0,-75,-162,8545,-4,-18,110,255,61,-883,90,0
35,82,2988,108,0,0,0,137,-112,8604,-4,10,123,278,78,-886,90,0
28,3301,2980,118,0,0,0,33,-57,8552,-45,-66,186,294,64,-856,90,0
16,75,2948,123,0,0,0,871,-310,8578,-38,-48,9,287,69,-851,90,1
44,88,63,68,0,0,0,136,-121,8602,-15,19,12,252,54,-884,90,1
45,88,2993,66,0,0,0,135,-126,8592,-15,18,14,255,43,-879,90,1
45,89,63,66,0,0,0,136,-120,8606,-16,19,12,252,56,-882,90,0
122,87,2956,99,0,0,0,-214,-163,8619,4,2,93,268,70,-884,90,0
38,85,2916,104,0,0,0,77,-204,8588,-25,43,155,287,81,-895,90,0
32,84,2951,111,0,0,0,162,-124,8598,7,85,171,312,64,-872,90,0
25,3255,2967,121,0,0,0,169,-112,8600,-144,43,237,306,68,-854,90,0
13,72,2975,127,0,0,0,1211,-158,8562,-8,-16,97,303,59,-869,90,1
49,3386,2961,59,0,0,0,144,-150,8598,-13,19,11,240,26,-872,90,1
50,77,621,59,0,0,0,143,-148,8597,-14,18,11,246,22,-872,90,1
50,3372,2977,94,0,0,0,-9,-199,8614,21,-10,127,254,40,-882,90,0
44,84,61,67,0,0,0,-43,-137,8583,-9,-33,138,258,56,-874,90,0
40,85,2953,103,0,0,0,122,-96,8619,9,-8,168,285,77,-889,90,0
33,3341,2951,114,0,0,0,233,-168,8527,-15,9,187,323,57,-865,90,0
21,76,2972,121,0,0,0,223,-126,8682,-64,87,206,314,56,-850,90,0
120,85,2952,66,0,0,0,154,-179,8605,-15,18,11,261,45,-857,90,1
119,85,2959,66,0,0,0,152,-175,8599,-14,19,12,264,32,-874,90,1
119,84,2981,68,0,0,0,-429,-116,8591,2,-27,-22,276,46,-868,90,0
44,83,2960,100,0,0,0,58,-137,8657,15,41,81,285,51,-863,90,0
110,81,2977,107,0,0,0,177,-163,8599,37,163,95,296,72,-856,90,0
29,3182,2933,117,0,0,0,114,-88,8593,-64,-132,204,311,61,-841,90,0
17,74,2969,115,0,0,0,1291,-86,8620,-12,-29,54,315,67,-837,90,1
54,97,2953,86,0,0,0,158,-187,8596,-15,20,10,233,11,-857,90,1
54,3241,2984,85,0,0,0,160,-194,8598,-14,20,12,229,19,-855,90,1
55,90,75,85,0,0,0,147,-185,8600,-14,21,13,233,15,-855,90,0
57,3242,2947,92,0,0,0,-29,-159,8577,51,-42,87,243,41,-865,90,0
45,82,2960,97,0,0,0,51,-172,8588,2,-26,147,259,65,-869,90,0
38,84,2929,105,0,0,0,67,-64,8480,-14,-85,169,280,70,-870,90,0
32,3230,2968,116,0,0,0,265,-170,8563,25,83,92,294,68,-852,90,0
19,3221,85,120,0,0,0,1028,-127,8585,-16,132,2,297,57,-841,90,1
67,3218,2950,75,0,0,0,222,-174,8594,-14,18,12,223,13,-855,90,1
64,71,72,73,0,0,0,188,-179,8605,-14,21,14,229,19,-853,90,0
65,3238,2967,81,0,0,0,49,-193,8430,-3,-2,68,235,25,-859,90,0
56,95,2971,88,0,0,0,198,-146,8613,1,-26,110,251,27,-861,90,0
48,3218,2944,99,0,0,0,36,-184,8552,-9,88,186,279,67,-879,90,0
38,80,2965,77,0,0,0,152,-60,8570,33,-2,119,313,67,-873,90,0
106,3219,2985,116,0,0,0,178,-206,8621,-14,-12,134,317,63,-853,90,0
19,71,20,119,0,0,0,312,-97,8588,-9,172,187,329,41,-845,90,1
63,3211,2980,77,0,0,0,191,-178,8591,-14,18,12,234,4,-854,90,1
62,78,2945,76,0,0,0,193,-179,8589,-14,18,11,228,14,-848,90,1
62,3215,2940,81,0,0,0,26,-86,8609,-6,42,60,236,18,-848,90,0
55,92,2956,88,0,0,0,154,-296,8605,-10,-57,195,239,29,-863,90,0
48,89,2971,95,0,0,0,114,-147,8630,20,-29,114,257,37,-863,90,0
42,81,2960,101,0,0,0,149,-161,8534,-13,180,104,293,57,-857,90,0
35,80,2972,109,0,0,0,175,-78,8574,-3,-155,240,312,68,-844,90,0
28,3222,2978,120,0,0,0,149,-177,8539,27,171,206,313,59,-845,90,0
16,69,17,123,0,0,0,281,-195,8570,40,194,180,313,49,-845,90,1
57,3164,2960,59,0,0,0,186,-169,8593,-14,18,11,251,15,-853,90,1
58,73,2959,58,0,0,0,188,-173,8590,-14,19,11,237,7,-855,90,1
59,99,2973,82,0,0,0,-395,-215,8624,-20,21,-55,239,11,-855,90,0
56,3117,2972,91,0,0,0,155,-255,8611,3,27,129,267,29,-865,90,0
46,80,2940,70,0,0,0,202,-196,8583,30,16,111,288,46,-864,90,0
39,77,2984,105,0,0,0,-5,-156,8585,-20,-127,200,300,58,-844,90,0
31,3166,2967,114,0,0,0,378,-224,8497,0,16,131,318,58,-830,90,0
19,71,2976,113,0,0,0,1210,-131,8562,-25,-41,17,321,47,-835,90,1
61,74,2984,77,0,0,0,153,-146,8596,-14,16,11,238,2,-850,90,1
62,3188,2971,77,0,0,0,177,-137,8605,-15,18,11,241,15,-855,90,1
60,75,3001,79,0,0,0,-293,-192,8648,-49,9,81,221,5,-845,90,0
58,97,70,81,0,0,0,-105,-147,8592,-53,-6,67,244,14,-850,90,0
56,3180,2982,92,0,0,0,128,-159,8566,-19,-63,159,260,32,-862,90,0
45,83,2956,99,0,0,0,160,-84,8544,22,43,77,283,47,-867,90,0
39,81,2954,106,0,0,0,124,-317,8553,-16,-163,191,306,58,-854,90,0
106,3185,2964,116,0,0,0,205,-154,8632,48,136,136,321,53,-841,90,0
19,3213,18,121,0,0,0,958,-164,8623,-18,7,9,334,56,-832,90,1
56,88,2965,79,0,0,0,208,-190,8589,-13,19,10,244,12,-850,90,1
55,89,2970,79,0,0,0,204,-188,8592,-14,20,12,248,8,-840,90,1
56,91,2978,80,0,0,0,-449,-175,8651,-50,76,-83,245,13,-849,90,0
132,86,56,81,0,0,0,-88,-234,8623,4,5,61,255,15,-853,90,0
51,85,2972,61,0,0,0,52,-118,8555,-29,18,187,267,29,-867,90,0
44,81,2979,94,0,0,0,119,-316,8672,46,-103,111,290,26,-864,90,0
39,75,39,97,0,0,0,188,-232,8548,24,123,127,315,37,-857,90,0
35,75,2965,104,0,0,0,153,-164,8518,-17,-123,175,321,35,-835,90,0
27,71,2963,112,0,0,0,172,-201,8572,-20,-8,177,324,34,-832,90,0
20,69,22,115,0,0,0,284,-217,8678,5,-41,119,334,32,-832,90,1
18,70,2962,116,0,0,0,-70,-148,8591,-15,44,21,327,31,-821,90,1
55,94,2970,81,0,0,0,220,-163,8598,-14,17,12,230,16,-862,90,1
55,92,56,81,0,0,0,223,-163,8591,-14,20,11,234,14,-858,90,1
54,94,2975,80,0,0,0,216,-167,8587,-14,18,12,233,7,-861,90,1
54,93,56,80,0,0,0,186,-176,8612,-14,23,14,229,15,-851,90,0
57,93,2962,84,0,0,0,-261,-175,8602,-8,131,77,232,16,-864,90,0
48,89,67,58,0,0,0,-48,-148,8606,-1,112,98,239,25,-867,90,0
46,87,2962,94,0,0,0,165,-84,8609,-6,27,147,254,42,-870,90,0
37,85,2959,74,0,0,0,126,-181,8586,38,10,120,287,53,-873,90,0
32,78,38,102,0,0,0,9,-201,8629,-7,75,186,291,63,-867,90,0
29,3211,2951,115,0,0,0,106,-312,8589,-30,57,167,309,57,-845,90,0
17,72,17,117,0,0,0,334,-222,8528,16,62,137,313,47,-849,90,1
15,76,2956,117,0,0,0,60,-134,8598,-15,20,9,313,47,-849,90,1
55,94,2950,80,0,0,0,193,-167,8599,-14,17,12,217,17,-863,90,1
55,92,2959,80,0,0,0,191,-168,8591,-15,18,11,227,21,-853,90,1
55,94,86,80,0,0,0,164,-167,8617,-15,23,11,223,27,-855,90,0
58,94,2960,56,0,0,0,-120,-218,8625,-3,-20,98,227,19,-863,90,0
47,91,2959,90,0,0,0,1,-107,8589,-10,32,93,237,35,-871,90,0
41,3138,2945,71,0,0,0,140,-82,8569,-22,12,196,261,73,-887,90,0
30,79,2968,108,0,0,0,73,-154,8650,5,48,183,291,77,-877,90,0
23,3163,2960,119,0,0,0,183,-195,8637,-73,-46,185,300,62,-854,90,0
11,74,12,122,0,0,0,184,-206,8527,-51,-9,174,301,57,-853,90,1
55,93,2954,82,0,0,0,176,-137,8593,-14,19,10,225,23,-863,90,1
55,94,2974,81,0,0,0,180,-143,8598,-14,19,12,226,12,-850,90,1
55,94,72,81,0,0,0,180,-144,8595,-15,18,11,219,17,-857,90,0
54,93,2992,85,0,0,0,-186,-162,8594,8,75,112,230,20,-860,90,0
47,91,2941,90,0,0,0,135,-164,8592,51,26,97,240,34,-876,90,0
40,3160,2937,102,0,0,0,88,-110,8552,31,-14,147,269,75,-887,90,0
29,81,34,105,0,0,0,-9,-75,8533,-16,24,185,288,82,-892,90,0
27,81,2950,112,0,0,0,157,-73,8563,-15,-1,169,308,64,-880,90,0
19,78,2972,117,0,0,0,982,-188,8577,-35,-67,15,307,55,-869,90,1
17,77,19,118,0,0,0,70,-109,8575,-8,47,-7,312,66,-860,90,1
114,93,2949,82,0,0,0,182,-161,8590,-15,18,13,223,23,-845,90,1
114,93,2980,82,0,0,0,177,-171,8596,-15,19,14,229,21,-859,90,1
130,93,2974,83,0,0,0,-346,-159,8547,0,65,22,230,20,-848,90,0
49,91,2963,89,0,0,0,98,-139,8572,-41,114,116,236,24,-872,90,0
44,87,63,92,0,0,0,138,-113,8634,-53,-60,204,241,41,-881,90,0
39,3116,2974,74,0,0,0,141,-122,8600,22,42,213,270,80,-878,90,0
28,75,2986,109,0,0,0,165,-174,8541,-14,-65,242,300,78,-866,90,0
21,79,25,113,0,0,0,221,-168,8601,-56,-244,205,308,74,-862,90,0
17,76,2964,117,0,0,0,1261,-138,8564,-16,-21,9,298,68,-854,90,1
16,76,21,117,0,0,0,-44,-143,8590,-16,27,5,313,57,-849,90,1
57,95,2971,77,0,0,0,202,-161,8598,-14,19,11,231,19,-855,90,1
57,96,2951,77,0,0,0,201,-168,8595,-15,19,12,225,19,-849,90,1
56,97,2972,78,0,0,0,-496,-182,8599,-32,56,-68,224,18,-858,90,0
55,94,2962,54,0,0,0,61,-208,8680,-2,98,87,238,20,-850,90,0
48,89,2985,90,0,0,0,-1,-82,8709,-40,-28,165,244,30,-874,90,0
41,86,2981,70,0,0,0,300,-157,8554,24,-24,191,267,59,-875,90,0
34,83,97,102,0,0,0,288,-98,8679,35,-4,182,290,66,-868,90,0
30,79,2968,109,0,0,0,265,-111,8536,27,69,168,306,76,-874,90,0
23,77,26,111,0,0,0,217,-142,8578,-49,108,184,314,66,-864,90,0
20,77,2968,116,0,0,0,1321,-70,8536,-9,-75,55,322,58,-854,90,1
18,75,85,115,0,0,0,-34,-165,8605,-19,26,0,313,57,-853,90,1
51,92,2979,54,0,0,0,151,-166,8603,-15,20,13,236,16,-854,90,1
51,92,2943,55,0,0,0,155,-163,8595,-15,18,12,244,22,-856,90,1
51,93,2957,84,0,0,0,-509,-94,8574,-20,34,-23,237,19,-859,90,0
48,92,2970,89,0,0,0,-95,-241,8580,-15,16,122,247,31,-867,90,0
44,88,2950,67,0,0,0,129,-129,8623,40,60,142,266,50,-874,90,0
37,83,2955,74,0,0,0,150,-179,8679,-12,-26,224,297,63,-877,90,0
29,81,2961,110,0,0,0,188,-82,8597,24,-108,203,317,73,-863,90,0
22,75,24,113,0,0,0,285,-239,8575,-34,-70,212,325,61,-847,90,0
18,74,2968,116,0,0,0,1341,-102,8568,-25,-51,-21,317,51,-847,90,1
17,73,16,117,0,0,0,-38,-96,8590,-19,4,13,324,58,-848,90,1
49,92,2976,56,0,0,0,158,-144,8596,-13,19,11,208,22,-862,90,1
49,94,2968,57,0,0,0,168,-143,8613,-14,18,12,215,25,-861,90,1
50,93,2945,86,0,0,0,-318,-195,8604,-4,28,82,222,22,-860,90,0
46,92,2977,92,0,0,0,109,-243,8590,27,57,136,227,55,-877,90,0
40,3184,2936,104,0,0,0,194,-134,8623,28,7,167,256,84,-894,90,0
29,76,2954,110,0,0,0,150,-277,8620,-3,-30,151,287,89,-883,90,0
22,3198,2954,122,0,0,0,345,-220,8601,-13,-1,225,283,73,-861,90,0
9,74,2973,126,0,0,0,1225,-165,8576,-24,-63,104,285,77,-863,90,1
51,97,2984,84,0,0,0,165,-128,8607,-14,19,13,220,28,-868,90,1
50,96,2960,84,0,0,0,166,-125,8594,-15,18,11,215,33,-867,90,1
50,95,2952,85,0,0,0,-315,-116,8611,-24,2,90,219,33,-875,90,0
47,94,2956,90,0,0,0,-27,-101,8553,8,27,136,214,42,-878,90,0
41,91,57,94,0,0,0,27,-157,8528,-37,26,169,220,50,-884,90,0
38,90,2968,101,0,0,0,192,-183,8593,83,7,150,238,82,-922,90,0
32,89,2941,107,0,0,0,334,-174,8621,-35,142,179,284,92,-932,90,0
25,3210,2946,118,0,0,0,164,-158,8451,-5,2,214,304,72,-876,90,0
11,78,13,122,0,0,0,253,-145,8522,-51,-22,216,299,65,-883,90,1
10,81,2972,60,0,0,0,-25,-185,8578,-13,22,4,298,68,-878,90,1
12,3233,2955,115,0,0,0,3168,2525,8973,63,-4447,-1229,183,47,-905,90,1
33,30,92,95,0,0,0,3164,-64,6857,-284,-224,321,117,69,-881,90,0
46,3240,1817,79,0,0,0,-2400,1824,12560,-192,1844,-470,211,-5,-885,90,0
58,73,2969,80,0,0,0,-2022,374,8586,-93,-468,-134,273,29,-855,90,0
58,97,456,80,0,0,0,-1791,-263,8304,-49,-954,145,256,34,-862,90,0
56,98,2987,84,0,0,0,52,-159,8626,-52,57,169,217,21,-853,90,0
47,96,2949,90,0,0,0,180,-156,8611,8,62,152,211,33,-883,90,0
41,94,2943,97,0,0,0,82,-151,8601,-17,27,155,214,66,-910,90,0
34,3176,2970,108,0,0,0,97,-212,8561,-6,87,151,284,94,-952,90,0
23,82,25,111,0,0,0,81,-184,8564,12,9,168,305,83,-921,90,0
19,86,2949,117,0,0,0,1192,-192,8657,-41,-138,60,303,69,-909,90,1
17,3165,21,116,0,0,0,316,-183,8598,-15,14,14,307,69,-913,90,1
132,97,55,51,0,0,0,183,-106,8596,-15,20,12,233,25,-873,90,1
110,98,2956,52,0,0,0,186,-110,8596,-14,18,13,241,17,-879,90,1
113,97,55,52,0,0,0,173,-116,8599,-14,21,12,244,28,-870,90,0
56,97,2948,85,0,0,0,-226,-144,8609,-10,59,92,229,29,-871,90,0
47,94,2941,91,0,0,0,159,-160,8672,7,-30,111,230,30,-878,90,0
42,92,2957,99,0,0,0,267,-163,8565,-21,76,168,247,61,-907,90,0
36,3160,2951,46,0,0,0,217,-98,8602,12,83,115,318,84,-924,90,0
24,77,24,114,0,0,0,249,-86,8610,-61,-48,187,335,71,-923,90,0
20,81,2933,54,0,0,0,1303,-157,8517,-3,-47,55,331,53,-885,90,1
18,80,18,54,0,0,0,13,-154,8598,-15,79,1,337,55,-881,90,1
18,80,23,117,0,0,0,143,-180,8597,-13,16,11,337,55,-885,90,1
18,79,22,117,0,0,0,290,-179,8604,-15,14,11,334,58,-890,90,1
18,80,23,115,0,0,0,222,-174,8588,-15,25,12,332,56,-892,90,1
59,97,2984,53,0,0,0,177,-125,8590,-14,24,11,221,19,-861,90,1
59,95,2930,53,0,0,0,172,-117,8594,-15,18,12,221,23,-863,90,1
131,98,3004,83,0,0,0,-289,-207,8593,-28,39,87,219,17,-861,90,0
49,94,2974,60,0,0,0,155,-123,8634,12,60,87,221,27,-879,90,0
48,95,2961,66,0,0,0,182,-169,8649,-27,-35,198,219,63,-899,90,0
121,3171,2934,107,0,0,0,192,-131,8573,4,-66,168,275,101,-935,90,0
25,82,2976,115,0,0,0,282,-172,8574,-29,88,204,308,74,-912,90,0
17,82,20,119,0,0,0,369,-256,8592,-51,-168,221,309,69,-889,90,1
59,98,2955,82,0,0,0,160,-108,8599,-15,12,12,220,26,-870,90,1
59,97,2969,82,0,0,0,154,-106,8587,-15,19,11,231,19,-871,90,1
108,97,72,82,0,0,0,140,-108,8597,-9,27,17,222,30,-866,90,0
56,97,2986,83,0,0,0,-126,-163,8604,-30,29,132,217,23,-869,90,0
47,94,2971,91,0,0,0,96,-208,8675,4,5,123,216,32,-880,90,0
41,91,59,63,0,0,0,219,-77,8616,-15,157,188,219,49,-893,90,0
38,91,2953,101,0,0,0,185,-128,8661,80,-121,128,234,80,-922,90,0
32,87,2954,106,0,0,0,182,-88,8644,-12,-61,179,291,93,-943,90,0
24,85,2952,114,0,0,0,236,-240,8545,-60,103,200,307,75,-901,90,0
17,83,20,117,0,0,0,348,-251,8577,-24,-14,230,310,66,-888,90,1
48,97,2950,87,0,0,0,78,-118,8599,-14,28,10,201,27,-875,90,1
47,97,2962,86,0,0,0,106,-126,8599,-13,15,11,203,27,-873,90,1
49,97,73,86,0,0,0,50,-140,8608,-13,29,10,200,30,-868,90,0
47,95,451,87,0,0,0,-360,-130,8580,-21,-48,89,206,26,-870,90,0
46,3202,2964,96,0,0,0,198,-95,8652,-107,94,209,191,57,-905,90,0
36,94,2953,103,0,0,0,68,-141,8612,-45,141,207,222,84,-944,90,0
29,3196,2950,113,0,0,0,276,-257,8542,-51,-36,171,294,76,-930,90,0
17,84,2961,117,0,0,0,1300,-99,8557,-16,-36,113,291,69,-903,90,1
48,98,2945,86,0,0,0,167,-123,8592,-15,21,12,211,25,-865,90,1
49,96,2956,86,0,0,0,157,-122,8604,-14,18,12,208,26,-858,90,1
48,97,74,66,0,0,0,156,-131,8595,-15,20,13,213,31,-863,90,0
48,98,2961,69,0,0,0,-219,-136,8569,-7,-24,9,208,32,-870,90,0
47,95,2950,94,0,0,0,-78,-166,8574,5,10,119,202,56,-892,90,0
37,3157,50,101,0,0,0,231,-88,8648,-33,-41,174,226,86,-932,90,0
31,87,2944,108,0,0,0,253,-100,8580,-12,63,139,277,99,-963,90,0
23,88,2955,114,0,0,0,112,-177,8552,-3,56,128,310,74,-904,90,0
15,3161,15,121,0,0,0,1336,-203,8534,-26,-76,73,301,61,-883,90,1
49,94,2967,91,0,0,0,113,-109,8593,-15,19,11,214,40,-880,90,1
49,3178,2939,90,0,0,0,119,-112,8595,-15,19,12,223,35,-873,90,1
49,70,1227,91,0,0,0,-453,-89,8559,-6,-30,142,213,41,-883,90,0
44,95,2940,95,0,0,0,-175,-114,8606,-17,-113,87,212,60,-886,90,0
38,92,54,98,0,0,0,98,-150,8555,-44,-36,204,221,65,-909,90,0
35,3137,2950,108,0,0,0,217,-141,8598,30,-5,107,289,95,-937,90,0
24,82,26,110,0,0,0,252,-146,8693,-28,-84,202,309,95,-931,90,0
21,3150,2983,121,0,0,0,160,-86,8530,-40,56,272,294,74,-878,90,0
9,81,12,125,0,0,0,193,-201,8519,-70,32,265,290,58,-878,90,1
7,129,17,126,0,0,0,981,16,8400,-6,47,68,295,67,-883,90,1
48,95,2953,58,0,0,0,134,-121,8588,-13,17,11,218,30,-872,90,1
48,96,2972,56,0,0,0,137,-132,8606,-13,20,12,215,25,-869,90,1
48,96,2953,58,0,0,0,139,-128,8595,-14,18,11,220,26,-876,90,1
48,96,2943,56,0,0,0,-394,-118,8638,-7,17,-55,224,26,-870,90,0
46,94,2955,61,0,0,0,-35,-183,8676,-12,-16,150,214,44,-892,90,0
40,93,57,94,0,0,0,-46,-200,8582,25,-34,69,212,48,-894,90,0
38,92,2966,101,0,0,0,151,-31,8556,-12,46,169,235,83,-921,90,0
110,87,2942,108,0,0,0,175,-218,8595,2,92,117,292,90,-940,90,0
23,85,2945,116,0,0,0,67,-72,8511,-39,13,158,307,71,-907,90,0
15,84,22,118,0,0,0,283,-158,8436,-56,30,247,306,58,-884,90,1
48,96,2946,86,0,0,0,119,-126,8597,-14,18,11,211,27,-863,90,1
47,97,2943,85,0,0,0,118,-123,8594,-15,17,13,220,32,-870,90,1
48,97,2937,86,0,0,0,117,-116,8599,-13,18,12,217,23,-863,90,1
48,95,455,87,0,0,0,-325,-190,8712,-12,112,4,213,31,-865,90,0
47,94,2960,89,0,0,0,-175,-174,8633,-25,-55,86,205,31,-869,90,0
44,95,2959,66,0,0,0,109,-184,8625,-51,-20,198,216,62,-896,90,0
120,3194,2956,107,0,0,0,174,-70,8511,-22,-36,177,271,99,-943,90,0
24,84,2942,115,0,0,0,255,-221,8551,18,170,185,299,75,-903,90,0
101,84,43,98,0,0,0,150,-181,8599,-14,18,11,297,-1,-921,90,1
3028,84,41,97,0,0,0,162,-177,8595,-15,18,12,290,2,-918,90,1
102,85,43,96,0,0,0,152,-169,8595,-15,20,12,291,7,-919,90,0
3068,84,38,102,0,0,0,-116,-106,8632,-2,21,116,295,13,-941,90,0
467,82,124,105,0,0,0,126,-126,8626,41,2,128,308,22,-960,90,0
137,80,35,107,0,0,0,128,-268,8597,14,114,146,326,26,-974,90,0
3055,78,26,114,0,0,0,238,-88,8640,-46,0,120,404,26,-962,90,0
458,75,24,117,0,0,0,170,-210,8608,27,-26,154,421,7,-921,90,0
3065,73,18,121,0,0,0,1357,-16,8603,-13,-20,76,419,-3,-887,90,1
85,72,19,121,0,0,0,-50,-154,8601,-16,26,-5,415,-11,-881,90,1
3084,72,19,121,0,0,0,212,-129,8598,-15,14,11,406,-8,-892,90,1
116,99,51,98,0,0,0,223,-182,8589,-14,18,13,305,-59,-903,90,1
115,98,51,98,0,0,0,218,-180,8592,-14,19,13,301,-57,-917,90,1
116,99,50,98,0,0,0,223,-186,8596,-15,18,11,302,-50,-918,90,1
116,98,51,98,0,0,0,220,-180,8592,-14,19,12,295,-61,-909,90,1
117,97,52,99,0,0,0,106,-222,8594,-14,31,23,302,-56,-912,90,0
115,98,51,100,0,0,0,-364,-158,8601,-6,29,5,290,-56,-896,90,0
115,96,49,101,0,0,0,-127,-128,8579,-3,-2,173,297,-59,-899,90,0
111,95,48,102,0,0,0,116,-216,8573,6,133,145,305,-55,-911,90,0
109,91,130,105,0,0,0,49,-206,8485,-7,38,150,316,-46,-914,90,0
103,88,38,110,0,0,0,133,-222,8597,-31,49,194,314,-36,-936,90,0
100,86,39,116,0,0,0,69,-222,8543,9,-1,155,313,-23,-967,90,0
98,83,39,117,0,0,0,42,-169,8575,14,21,92,338,-16,-982,90,0
95,82,33,114,0,0,0,170,-145,8649,5,-5,153,370,-20,-1010,90,0
93,80,30,124,0,0,0,236,-98,8605,-24,7,197,403,-21,-997,90,0
88,77,27,129,0,0,0,337,-119,8642,-43,-43,142,439,-33,-981,90,0
3077,72,22,65,0,0,0,362,-155,8557,-38,119,185,453,-51,-905,90,0
76,71,19,113,0,0,0,241,-123,8501,21,128,165,447,-63,-885,90,1
78,70,18,125,0,0,0,940,98,8465,-23,21,75,440,-58,-880,90,1
77,70,18,117,0,0,0,258,-166,8599,-13,24,2,444,-56,-868,90,1
77,69,18,113,0,0,0,272,-133,8593,-13,18,11,438,-56,-872,90,1
77,69,17,125,0,0,0,223,-126,8594,-14,19,13,447,-53,-879,90,1
77,69,18,68,0,0,0,255,-134,8590,-13,18,12,442,-56,-870,90,1
77,69,18,115,0,0,0,244,-135,8594,-13,19,11,441,-49,-875,90,1
77,69,18,117,0,0,0,245,-134,8587,-15,20,13,440,-58,-864,90,1
111,93,48,106,0,0,0,185,-182,8596,-16,18,12,298,-44,-896,90,1
111,93,48,104,0,0,0,196,-186,8599,-14,19,12,294,-40,-902,90,1
111,93,48,114,0,0,0,191,-186,8592,-13,19,10,303,-47,-901,90,1
111,94,48,108,0,0,0,130,-195,8610,-11,29,20,302,-34,-906,90,0
109,92,130,106,0,0,0,-84,-143,8589,18,25,48,297,-33,-917,90,0
104,88,38,112,0,0,0,103,7,8552,-5,74,176,298,-18,-938,90,0
104,86,39,113,0,0,0,75,-143,8560,15,-1,133,302,-14,-960,90,0
101,85,38,119,0,0,0,227,-154,8600,-41,-1,185,313,-5,-985,90,0
3070,81,28,112,0,0,0,223,-91,8429,14,-23,143,393,-13,-1021,90,0
86,76,21,63,0,0,0,293,-190,8674,-1,-84,153,439,-27,-937,90,0
3073,73,18,125,0,0,0,1557,-40,8591,-11,-61,65,436,-34,-890,90,1
84,74,18,124,0,0,0,-85,-191,8598,-11,-14,8,437,-31,-897,90,1
3053,74,18,111,0,0,0,250,-173,8585,-14,24,9,434,-28,-898,90,1
83,74,18,124,0,0,0,266,-171,8585,-15,16,11,434,-34,-900,90,1
3074,93,38,110,0,0,0,142,-162,8590,-14,20,11,286,-30,-938,90,1
79,94,38,109,0,0,0,151,-164,8596,-14,19,11,290,-30,-942,90,1
112,94,38,103,0,0,0,136,-162,8589,-14,21,14,280,-24,-954,90,0
3078,93,36,111,0,0,0,-81,-175,8616,14,14,105,286,-28,-964,90,0
108,91,33,116,0,0,0,-77,-140,8602,-8,-28,112,300,-32,-988,90,0
122,91,31,116,0,0,0,69,-72,8616,-2,-33,87,307,-33,-1009,90,0
3052,87,28,113,0,0,0,128,-184,8591,-31,-39,166,389,-51,-1025,90,0
80,84,23,117,0,0,0,262,-216,8581,-34,-29,179,410,-46,-990,90,0
3065,81,18,121,0,0,0,1409,-134,8595,-16,-45,51,432,-42,-942,90,1
109,93,43,107,0,0,0,142,-152,8598,-14,14,12,311,-49,-917,90,1
110,93,43,107,0,0,0,121,-147,8591,-15,19,12,302,-48,-936,90,1
108,93,43,105,0,0,0,129,-144,8597,-14,19,11,299,-55,-927,90,1
108,93,43,105,0,0,0,133,-144,8604,-14,17,13,305,-47,-931,90,1
109,94,43,105,0,0,0,-36,-165,8602,-13,52,37,304,-46,-928,90,0
107,93,42,104,0,0,0,-445,-104,8612,-20,16,99,308,-38,-930,90,0
106,92,40,109,0,0,0,-155,-155,8564,-46,19,152,302,-38,-946,90,0
107,90,38,108,0,0,0,24,-173,8652,-3,31,146,304,-42,-950,90,0
101,89,35,114,0,0,0,103,-124,8562,19,70,100,302,-24,-962,90,0
104,84,31,119,0,0,0,266,-135,8580,33,111,134,343,-33,-1019,90,0
96,83,29,120,0,0,0,205,-155,8610,44,123,139,383,-51,-1029,90,0
3047,78,23,117,0,0,0,132,-240,8596,-19,-11,164,453,-55,-963,90,0
83,75,21,118,0,0,0,214,-171,8587,-34,-38,203,445,-55,-931,90,0
81,73,18,120,0,0,0,305,-247,8644,-33,41,209,445,-59,-901,90,1
83,73,17,110,0,0,0,977,-194,8659,-19,23,84,449,-57,-883,90,1
81,73,17,109,0,0,0,123,-164,8577,-17,78,15,438,-58,-888,90,1
120,103,47,96,0,0,0,206,-176,8594,-14,19,13,292,-58,-916,90,1
120,102,46,95,0,0,0,198,-170,8590,-13,19,12,290,-60,-924,90,1
120,102,47,95,0,0,0,197,-168,8601,-14,19,12,289,-55,-925,90,1
118,103,47,95,0,0,0,199,-172,8600,-13,19,12,294,-54,-928,90,1
118,103,46,95,0,0,0,79,-205,8607,-13,37,29,287,-51,-915,90,0
118,102,45,101,0,0,0,-194,-181,8575,3,-4,85,287,-57,-925,90,0
117,100,42,109,0,0,0,-20,-225,8631,7,59,152,294,-64,-928,90,0
115,99,40,103,0,0,0,61,-169,8620,15,55,153,304,-58,-938,90,0
111,97,38,106,0,0,0,231,-134,8588,1,85,177,307,-49,-949,90,0
108,95,38,227,0,0,0,142,-256,8652,-26,-36,141,307,-51,-965,90,0
101,92,30,115,0,0,0,135,-93,8541,-45,102,161,336,-72,-1002,90,0
101,90,27,109,0,0,0,329,-193,8618,22,-50,169,361,-97,-1021,90,0
94,85,21,109,0,0,0,183,-188,8571,-21,11,168,422,-94,-986,90,0
92,83,20,118,0,0,0,357,-256,8548,-36,-69,179,444,-86,-952,90,1
91,82,19,112,0,0,0,995,-29,8477,-51,27,113,441,-79,-945,90,1
91,81,19,114,0,0,0,238,-292,8594,-15,43,-10,439,-81,-945,90,1
103,89,38,113,0,0,0,198,-149,8598,-13,20,12,308,-42,-944,90,1
103,89,38,111,0,0,0,198,-151,8597,-14,20,13,305,-37,-941,90,1
103,89,38,112,0,0,0,208,-152,8597,-14,19,12,308,-36,-940,90,1
104,89,38,112,0,0,0,103,-169,8612,-15,34,17,314,-32,-942,90,0
103,88,37,109,0,0,0,-288,-220,8637,-5,-140,35,301,-31,-943,90,0
101,87,37,113,0,0,0,40,-227,8614,3,42,129,312,-34,-948,90,0
100,86,37,116,0,0,0,125,-180,8622,-31,84,119,328,-32,-978,90,0
99,83,35,118,0,0,0,244,-142,8512,15,14,181,341,-23,-1007,90,0
96,81,31,121,0,0,0,247,-66,8606,-8,-3,130,365,-29,-1013,90,0
98,79,28,125,0,0,0,221,-146,8616,2,34,179,418,-42,-1012,90,0
87,78,26,115,0,0,0,293,-124,8570,-41,-39,122,442,-44,-978,90,0
3064,73,20,108,0,0,0,335,-165,8673,-67,69,176,448,-50,-900,90,0
77,70,18,122,0,0,0,283,-257,8559,7,17,215,450,-54,-876,90,1
80,70,17,111,0,0,0,972,-41,8649,-23,-11,63,439,-51,-871,90,1
81,69,17,111,0,0,0,182,-167,8563,-17,67,10,437,-53,-869,90,1
99,95,40,95,0,0,0,197,-146,8593,-14,18,12,333,-75,-957,90,1
100,95,41,93,0,0,0,200,-142,8590,-13,19,13,329,-83,-959,90,1
100,94,40,92,0,0,0,198,-137,8600,-14,18,13,334,-84,-956,90,1
102,94,40,92,0,0,0,122,-162,8610,-13,30,21,333,-73,-949,90,0
98,94,40,92,0,0,0,-377,-147,8575,-14,59,16,341,-79,-951,90,0
96,92,38,94,0,0,0,-94,-111,8593,7,51,78,337,-81,-955,90,0
95,91,36,95,0,0,0,36,-102,8607,8,6,69,339,-77,-971,90,0
96,85,33,103,0,0,0,134,-162,8556,-9,-60,151,365,-77,-1021,90,0
87,83,33,106,0,0,0,222,-207,8545,-22,35,200,398,-88,-1022,90,0
84,81,30,109,0,0,0,362,-244,8609,-5,128,155,432,-100,-1026,90,0
78,74,2951,118,0,0,0,258,-106,8571,11,-43,158,472,-100,-908,90,0
72,68,24,110,0,0,0,444,-230,8614,-7,52,151,473,-105,-887,90,0
67,62,19,129,0,0,0,210,-50,8551,-19,9,150,450,-116,-846,90,0
62,56,18,128,0,0,0,166,-74,8460,18,-7,181,454,-134,-832,90,0
52,48,11,99,0,0,0,352,-245,8617,-19,-60,162,451,-147,-819,90,0
49,45,11,134,0,0,0,411,-137,8632,-21,77,202,456,-156,-806,90,1
48,43,2975,149,0,0,0,323,-134,8595,-14,23,13,458,-170,-792,90,1
101,83,46,110,0,0,0,212,-143,8591,-14,19,14,344,-32,-910,90,1
100,83,46,110,0,0,0,195,-145,8600,-14,19,13,325,-39,-901,90,1
101,83,47,112,0,0,0,201,-144,8600,-14,17,12,339,-35,-909,90,1
100,84,47,110,0,0,0,196,-144,8603,-13,18,13,337,-31,-909,90,1
99,84,47,110,0,0,0,206,-147,8597,-14,18,12,327,-31,-905,90,0
101,83,44,113,0,0,0,-299,-188,8636,-22,47,69,327,-25,-917,90,0
99,82,42,116,0,0,0,-145,-185,8597,37,2,181,333,-25,-919,90,0
97,81,41,117,0,0,0,105,-235,8575,-12,-14,203,343,-27,-939,90,0
94,79,38,116,0,0,0,168,-152,8590,70,7,176,347,-15,-937,90,0
93,78,37,122,0,0,0,162,-178,8583,4,47,217,379,-17,-943,90,0
85,72,31,113,0,0,0,141,-34,8592,-23,-39,192,427,-27,-923,90,0
82,71,29,117,0,0,0,194,-129,8572,19,47,173,440,-44,-894,90,0
77,67,27,51,0,0,0,231,-125,8549,-40,-39,237,449,-43,-881,90,0
70,62,21,50,0,0,0,209,-73,8572,-19,68,225,434,-66,-848,90,0
65,57,18,58,0,0,0,141,-178,8533,35,-46,219,442,-80,-842,90,0
57,50,13,64,0,0,0,241,-77,8633,20,-179,207,447,-107,-829,90,0
178,47,2961,147,0,0,0,1465,26,8649,-8,-53,34,463,-125,-807,90,1
52,46,2964,76,0,0,0,316,-97,8583,-14,24,15,455,-133,-811,90,1
52,45,2940,78,0,0,0,290,-104,8592,-13,20,14,451,-129,-813,90,1
104,84,53,87,0,0,0,253,-133,8592,-14,17,11,332,-50,-888,90,1
103,84,54,87,0,0,0,240,-123,8594,-14,19,12,333,-55,-887,90,1
106,86,53,87,0,0,0,247,-122,8582,-14,19,12,342,-44,-886,90,1
106,85,53,87,0,0,0,249,-127,8591,-14,18,14,330,-56,-888,90,0
105,84,52,88,0,0,0,-304,-68,8624,-34,56,2,337,-51,-893,90,0
102,83,50,90,0,0,0,-167,-147,8576,-40,78,175,332,-42,-876,90,0
100,80,49,93,0,0,0,92,-121,8584,15,-17,204,325,-37,-881,90,0
99,80,49,96,0,0,0,107,-315,8643,26,29,192,330,-34,-882,90,0
101,77,44,98,0,0,0,268,-145,8639,6,20,235,335,-33,-889,90,0
100,76,40,101,0,0,0,142,-54,8625,18,-89,152,352,-22,-908,90,0
95,74,37,104,0,0,0,248,-164,8551,39,-21,159,366,-24,-898,90,0
89,72,37,107,0,0,0,220,-108,8594,-50,-87,284,380,-26,-892,90,0
85,68,28,115,0,0,0,256,-102,8542,3,37,215,418,-46,-882,90,0
79,66,26,117,0,0,0,207,-118,8621,2,50,214,424,-56,-864,90,0
77,63,24,123,0,0,0,236,-239,8574,-29,-46,257,421,-57,-851,90,0
74,62,22,125,0,0,0,143,-72,8546,-59,-90,293,428,-64,-832,90,0
3070,59,18,130,0,0,0,1564,-67,8610,-21,-66,51,428,-80,-842,90,1
69,59,18,129,0,0,0,-47,-134,8601,-20,-10,14,433,-77,-831,90,1
102,85,125,111,0,0,0,201,-156,8593,-14,23,12,317,-37,-903,90,1
102,84,2996,110,0,0,0,198,-156,8596,-15,16,12,322,-40,-906,90,1
103,85,127,112,0,0,0,149,-155,8604,-14,27,9,317,-31,-913,90,0
104,84,43,111,0,0,0,-182,-144,8650,1,-79,36,325,-45,-913,90,0
103,82,39,114,0,0,0,-92,-170,8578,3,46,135,323,-29,-931,90,0
99,81,38,105,0,0,0,211,-164,8591,-16,65,208,326,-18,-938,90,0
99,79,36,107,0,0,0,174,-62,8541,31,36,209,341,-15,-951,90,0
96,79,36,109,0,0,0,239,-38,8653,20,-49,165,369,-25,-961,90,0
3074,74,27,116,0,0,0,37,-135,8538,4,45,239,428,-40,-934,90,0
77,69,21,121,0,0,0,308,-154,8623,-31,32,185,435,-65,-883,90,0
3116,66,18,128,0,0,0,1510,-105,8613,-25,-60,44,435,-71,-857,90,1
73,67,18,127,0,0,0,5,-71,8524,-22,11,7,432,-72,-852,90,1
103,86,45,109,0,0,0,183,-137,8591,-14,16,13,313,-45,-909,90,1
104,86,46,110,0,0,0,171,-142,8600,-14,20,11,313,-47,-905,90,1
104,86,46,97,0,0,0,181,-143,8599,-14,17,12,315,-43,-903,90,1
103,87,45,98,0,0,0,147,-129,8616,-9,27,11,316,-36,-908,90,0
104,86,46,109,0,0,0,-355,-109,8616,6,9,-22,315,-47,-897,90,0
102,85,38,121,0,0,0,-5,-111,8607,39,54,174,308,-20,-930,90,0
98,82,37,105,0,0,0,302,-96,8624,-34,85,274,321,-9,-947,90,0
137,80,117,107,0,0,0,234,-178,8616,37,32,178,340,-12,-964,90,0
102,79,33,107,0,0,0,213,-176,8567,14,137,168,378,-10,-978,90,0
3093,75,2962,120,0,0,0,219,-119,8617,-26,81,243,438,-56,-896,90,0
77,69,19,123,0,0,0,349,-139,8642,-14,27,231,437,-57,-873,90,1
3065,69,18,125,0,0,0,70,-92,8585,-22,8,1,435,-63,-867,90,1
105,87,43,109,0,0,0,164,-128,8593,-14,21,13,309,-49,-923,90,1
103,87,43,111,0,0,0,191,-131,8603,-15,19,13,312,-50,-922,90,1
104,87,43,110,0,0,0,172,-133,8604,-14,18,12,317,-49,-927,90,1
103,87,43,110,0,0,0,4,-148,8625,-10,48,33,318,-44,-922,90,0
105,86,42,113,0,0,0,-425,-108,8622,-4,18,193,309,-33,-929,90,0
102,84,36,119,0,0,0,-9,-204,8525,3,59,133,323,-27,-953,90,0
103,82,2941,108,0,0,0,102,-82,8634,13,-17,231,375,-33,-979,90,0
97,78,29,112,0,0,0,144,-77,8480,-1,-31,200,418,-30,-984,90,0
85,73,22,118,0,0,0,250,-108,8513,-3,-18,208,459,-63,-917,90,0
3038,68,18,128,0,0,0,367,-110,8540,-17,110,239,439,-75,-873,90,0
70,71,16,117,0,0,0,324,-83,8565,14,-15,249,436,-92,-858,90,1
74,66,14,117,0,0,0,999,-141,8645,-30,15,47,428,-86,-850,90,1
74,68,14,118,0,0,0,63,-113,8610,-7,72,24,432,-86,-860,90,1
104,86,45,109,0,0,0,205,-122,8583,-13,19,12,315,-51,-905,90,1
103,86,45,109,0,0,0,208,-124,8597,-14,19,12,315,-51,-907,90,1
103,86,45,109,0,0,0,204,-125,8597,-13,19,13,313,-47,-911,90,1
103,87,45,111,0,0,0,202,-124,8589,-14,19,13,315,-53,-909,90,1
101,86,45,110,0,0,0,177,-132,8588,-12,25,14,314,-42,-910,90,0
105,86,45,118,0,0,0,-367,-100,8624,-11,32,174,318,-42,-912,90,0
100,83,38,115,0,0,0,106,-102,8607,12,48,166,324,-22,-934,90,0
97,83,37,107,0,0,0,92,-153,8568,-4,-38,153,345,-17,-957,90,0
3096,75,27,113,0,0,0,196,-53,8544,18,92,210,434,-34,-952,90,0
79,74,29,116,0,0,0,319,2,8572,-41,55,216,445,-47,-921,90,0
3096,69,19,125,0,0,0,160,-53,8633,-33,-78,174,429,-71,-865,90,0
74,66,16,128,0,0,0,338,-153,8601,33,10,204,435,-79,-855,90,1
75,67,15,130,0,0,0,1036,-130,8637,-31,-14,108,439,-81,-851,90,1
74,67,15,129,0,0,0,174,-136,8597,-6,87,35,432,-74,-854,90,1
105,85,2960,103,0,0,0,202,-145,8596,-14,18,12,323,-47,-911,90,1
102,85,2973,105,0,0,0,203,-142,8600,-14,19,11,317,-39,-911,90,1
100,85,132,95,0,0,0,199,-143,8586,-15,19,13,319,-35,-913,90,0
102,84,2998,117,0,0,0,-86,-163,8593,20,-16,107,326,-36,-926,90,0
97,83,37,116,0,0,0,137,-115,8590,1,105,202,335,-25,-941,90,0
101,80,37,106,0,0,0,136,-148,8644,15,10,201,348,-20,-954,90,0
93,79,34,111,0,0,0,286,-74,8603,17,49,165,378,-18,-964,90,0
91,79,30,111,0,0,0,190,-66,8602,-21,-10,176,414,-30,-964,90,0
3094,72,25,120,0,0,0,255,-106,8496,-57,39,208,442,-54,-908,90,0
73,69,22,124,0,0,0,243,-56,8571,-19,56,235,438,-72,-892,90,0
3095,67,18,125,0,0,0,1415,-7,8610,-12,-45,59,438,-80,-864,90,1
73,67,18,126,0,0,0,64,-118,8600,-19,-8,1,435,-73,-853,90,1
111,93,48,104,0,0,0,211,-161,8589,-13,18,13,305,-63,-901,90,1
110,92,48,104,0,0,0,197,-166,8596,-13,17,12,313,-59,-903,90,1
111,94,48,104,0,0,0,207,-160,8584,-13,20,11,309,-61,-899,90,1
112,93,48,101,0,0,0,180,-170,8598,-13,22,14,315,-55,-899,90,0
110,91,49,104,0,0,0,-407,-67,8590,6,17,20,310,-60,-896,90,0
109,91,46,105,0,0,0,-149,-132,8596,21,45,71,306,-50,-904,90,0
102,88,41,111,0,0,0,131,-210,8598,31,10,163,303,-53,-929,90,0
100,86,41,115,0,0,0,257,-214,8626,-41,-24,209,311,-33,-945,90,0
100,84,121,117,0,0,0,156,-105,8538,4,101,195,322,-32,-966,90,0
3118,80,29,112,0,0,0,391,-24,8640,-33,37,204,401,-45,-995,90,0
75,78,26,115,0,0,0,252,-129,8597,-30,68,174,424,-50,-978,90,0
3052,73,21,121,0,0,0,379,-139,8641,-69,38,232,447,-65,-911,90,0
77,71,18,126,0,0,0,362,-58,8447,11,69,223,443,-73,-887,90,1
105,90,40,110,0,0,0,188,-130,8591,-15,18,12,311,-63,-919,90,1
104,90,40,109,0,0,0,190,-132,8590,-14,19,12,313,-57,-915,90,1
104,90,41,109,0,0,0,82,-159,8602,-12,34,27,311,-55,-923,90,0
102,88,37,113,0,0,0,-137,-167,8576,-15,-65,120,323,-49,-943,90,0
100,87,40,117,0,0,0,70,-177,8599,22,50,100,320,-62,-964,90,0
98,85,118,118,0,0,0,78,-122,8637,-13,30,119,337,-41,-973,90,0
97,83,33,120,0,0,0,58,-70,8581,4,52,165,357,-51,-997,90,0
96,81,30,121,0,0,0,191,-186,8678,-17,-6,133,397,-61,-1011,90,0
92,79,28,114,0,0,0,244,-97,8507,-18,-4,227,431,-67,-993,90,0
3133,71,19,127,0,0,0,399,-141,8486,16,114,192,453,-91,-889,90,0
71,70,17,56,0,0,0,276,-197,8528,-9,86,207,444,-98,-872,90,1
74,68,15,57,0,0,0,974,154,8351,7,66,129,432,-88,-856,90,1
74,68,16,60,0,0,0,179,-194,8618,-23,28,-17,444,-96,-866,90,1
102,87,42,73,0,0,0,217,-130,8599,-15,19,12,332,-52,-932,90,1
102,87,42,87,0,0,0,213,-129,8597,-15,18,14,322,-46,-934,90,1
102,86,42,111,0,0,0,214,-135,8590,-14,19,14,323,-47,-935,90,1
101,86,42,112,0,0,0,126,-148,8606,-13,30,22,318,-54,-932,90,0
102,88,44,113,0,0,0,-291,-54,8662,-21,35,-3,320,-52,-940,90,0
97,83,35,81,0,0,0,137,-190,8673,45,109,127,343,-49,-965,90,0
93,79,30,101,0,0,0,350,-129,8605,-8,-43,193,406,-52,-988,90,0
90,78,29,93,0,0,0,260,-240,8576,-1,4,167,428,-56,-978,90,0
85,74,27,97,0,0,0,176,-102,8605,-27,8,206,448,-76,-948,90,0
87,73,30,99,0,0,0,182,-91,8581,-37,11,200,454,-86,-918,90,0
3054,67,19,105,0,0,0,200,-59,8510,-60,-18,230,450,-98,-862,90,0
69,65,18,114,0,0,0,328,-16,8604,-13,36,214,436,-98,-858,90,1
3066,65,17,64,0,0,0,44,-143,8615,-16,-1,-18,435,-107,-855,90,1
